time,state_x_0,deriv_dx_0,C1_dq_0,R2_p0_e,R2_p0_f,C1_p0_e,C1_p0_f,j1_11_p0_e,j1_11_p0_f,j1_11_p1_e,j1_11_p1_f,j1_11_p2_e,j1_11_p2_f,SS3_p0_e,SS3_p0_f,C1_q_0,R2_p0_power,C1_p0_power,j1_11_p0_power,j1_11_p1_power,j1_11_p2_power,SS3_p0_power
0.0,1.0,-1.9032629038430116,0.09673709615698844,2.0,2.0,-1.0,2.0,-1.0,-2.0,2.0,-2.0,-1.0,-2.0,-1.0,2.0,0.0,4.0,-2.0,2.0,-4.0,2.0,-2.0
0.1,0.8096737096156988,-1.8126980637248997,-0.0030243541092009885,1.8096737096156987,1.8096737096156987,-0.8096737096156988,1.8096737096156987,-1.0,-1.8096737096156987,1.8096737096156987,-1.8096737096156987,-0.8096737096156988,-1.8096737096156987,-1.0,1.8096737096156987,0.0,3.2749189352742443,-1.4652452256585458,1.8096737096156987,-3.2749189352742443,1.4652452256585458,-1.8096737096156987
0.2,0.63746038725502,-1.6401917857553636,-0.0027313985003436514,1.63746038725502,1.63746038725502,-0.63746038725502,1.63746038725502,-1.0,-1.63746038725502,1.63746038725502,-1.63746038725502,-0.63746038725502,-1.63746038725502,-1.0,1.63746038725502,0.0,2.68127651982936,-1.04381613257434,1.63746038725502,-2.68127651982936,1.04381613257434,-1.63746038725502
0.30000000000000004,0.48163535246462613,-1.4841064366058445,-0.002471084141218327,1.4816353524646262,1.4816353524646262,-0.48163535246462613,1.4816353524646262,-1.0,-1.4816353524646262,1.4816353524646262,-1.4816353524646262,-0.48163535246462613,-1.4816353524646262,-1.0,1.4816353524646262,0.0,2.195243317672977,-0.7136079652083508,1.4816353524646262,-2.195243317672977,0.7136079652083508,-1.4816353524646262
0.4,0.34063909993385105,-1.342874729388896,-0.002235629455044963,1.340639099933851,1.340639099933851,-0.34063909993385105,1.340639099933851,-1.0,-1.340639099933851,1.340639099933851,-1.340639099933851,-0.34063909993385105,-1.340639099933851,-1.0,1.340639099933851,0.0,1.7973131962714464,-0.45667409633759526,1.340639099933851,-1.7973131962714464,0.45667409633759526,-1.340639099933851
0.5,0.213060406586847,-1.2150833470303324,-0.002022940443485499,1.2130604065868469,1.2130604065868469,-0.213060406586847,1.2130604065868469,-1.0,-1.2130604065868469,1.2130604065868469,-1.2130604065868469,-0.213060406586847,-1.2130604065868469,-1.0,1.2130604065868469,0.0,1.4715155500286463,-0.25845514344179954,1.2130604065868469,-1.4715155500286463,0.25845514344179954,-1.2130604065868469
0.6000000000000001,0.09762243052778445,-1.09945287511005,-0.0018304445822656668,1.0976224305277844,1.0976224305277844,-0.09762243052778445,1.0976224305277844,-1.0,-1.0976224305277844,1.0976224305277844,-1.0976224305277844,-0.09762243052778445,-1.0976224305277844,-1.0,1.0976224305277844,0.0,1.2047749999977209,-0.10715256946993655,1.0976224305277844,-1.2047749999977209,0.10715256946993655,-1.0976224305277844
0.7000000000000001,-0.006830168435163082,-0.9948260614419155,-0.0016562298770785855,0.993169831564837,0.993169831564837,0.006830168435163082,0.993169831564837,-1.0,-0.993169831564837,0.993169831564837,-0.993169831564837,0.006830168435163082,-0.993169831564837,-1.0,0.993169831564837,0.0,0.9863863143305266,0.006783517234310384,0.993169831564837,-0.9863863143305266,-0.006783517234310384,-0.993169831564837
0.8,-0.10134278176059858,-0.9001558711815725,-0.001498652942170997,0.8986572182394015,0.8986572182394015,0.10134278176059858,0.8986572182394015,-1.0,-0.8986572182394015,0.8986572182394015,-0.8986572182394015,0.10134278176059858,-0.8986572182394015,-1.0,0.8986572182394015,0.0,0.8075847958937793,0.09107242234562227,0.8986572182394015,-0.8075847958937793,-0.09107242234562227,-0.8986572182394015
0.9,-0.18686134267147753,-0.8144947269458511,-0.0013560696173287035,0.8131386573285224,0.8131386573285224,0.18686134267147753,0.8131386573285224,-1.0,-0.8131386573285224,0.8131386573285224,-0.8131386573285224,0.18686134267147753,-0.8131386573285224,-1.0,0.8131386573285224,0.0,0.6611944760420322,0.15194418128649018,0.8131386573285224,-0.6611944760420322,-0.15194418128649018,-0.8131386573285224
1.0,-0.26424172714976873,-0.7369851665378252,-0.0012268936875938774,0.7357582728502312,0.7357582728502312,0.26424172714976873,0.7357582728502312,-1.0,-0.7357582728502312,0.7357582728502312,-0.7357582728502312,0.26424172714976873,-0.7357582728502312,-1.0,0.7357582728502312,0.0,0.5413402360675553,0.19441803678267588,0.7357582728502312,-0.5413402360675553,-0.19441803678267588,-0.7357582728502312
1.1,-0.33425837597904257,-0.6668516316490181,-0.001110007628060572,0.6657416240209575,0.6657416240209575,0.33425837597904257,0.6657416240209575,-1.0,-0.6657416240209575,0.6657416240209575,-0.6657416240209575,0.33425837597904257,-0.6657416240209575,-1.0,0.6657416240209575,0.0,0.4432119099540619,0.22252971406689562,0.6657416240209575,-0.4432119099540619,-0.22252971406689562,-0.6657416240209575
1.2000000000000002,-0.39761205347957246,-0.6033922894075006,-0.001004342887072962,0.6023879465204276,0.6023879465204276,0.39761205347957246,0.6023879465204276,-1.0,-0.6023879465204276,0.6023879465204276,-0.6023879465204276,0.39761205347957246,-0.6023879465204276,-1.0,0.6023879465204276,0.0,0.3628712381130975,0.23951670840733008,0.6023879465204276,-0.3628712381130975,-0.23951670840733008,-0.6023879465204276
1.3,-0.4549368338605426,-0.5459719442419424,-0.0009087781024850194,0.5450631661394574,0.5450631661394574,0.4549368338605426,0.5450631661394574,-1.0,-0.5450631661394574,0.5450631661394574,-0.5450631661394574,0.4549368338605426,-0.5450631661394574,-1.0,0.5450631661394574,0.0,0.2970938550819697,0.24796931105748765,0.5450631661394574,-0.2970938550819697,-0.24796931105748765,-0.5450631661394574
1.4000000000000001,-0.506806442327961,-0.4940158504288954,-0.0008222927568564131,0.493193557672039,0.493193557672039,0.506806442327961,0.493193557672039,-1.0,-0.493193557672039,0.493193557672039,-0.493193557672039,0.506806442327961,-0.493193557672039,-1.0,0.493193557672039,0.0,0.24323988532920285,0.24995367234283614,0.493193557672039,-0.24323988532920285,-0.24995367234283614,-0.493193557672039
1.5,-0.5537400039463216,-0.44700403340726336,-0.0007440373535849698,0.4462599960536784,0.4462599960536784,0.5537400039463216,0.4462599960536784,-1.0,-0.4462599960536784,0.4462599960536784,-0.4462599960536784,0.5537400039463216,-0.4462599960536784,-1.0,0.4462599960536784,0.0,0.19914798407782905,0.24711201197584934,0.4462599960536784,-0.19914798407782905,-0.24711201197584934,-0.4462599960536784
1.6,-0.5962072490094137,-0.4044659892243443,-0.0006732382337579779,0.4037927509905863,0.4037927509905863,0.5962072490094137,0.4037927509905863,-1.0,-0.4037927509905863,0.4037927509905863,-0.4037927509905863,0.5962072490094137,-0.4037927509905863,-1.0,0.4037927509905863,0.0,0.16304858575254563,0.24074416523804068,0.4037927509905863,-0.16304858575254563,-0.24074416523804068,-0.4037927509905863
1.7000000000000002,-0.6346332017911905,-0.3659759671536058,-0.0006091689447962345,0.36536679820880946,0.36536679820880946,0.6346332017911905,0.36536679820880946,-1.0,-0.36536679820880946,0.36536679820880946,-0.36536679820880946,0.6346332017911905,-0.36536679820880946,-1.0,0.36536679820880946,0.0,0.1334928972333569,0.23187390097545257,0.36536679820880946,-0.1334928972333569,-0.23187390097545257,-0.36536679820880946
1.8,-0.6694024424401348,-0.3311486932226315,-0.0005511356627663222,0.3305975575598652,0.3305975575598652,0.6694024424401348,0.3305975575598652,-1.0,-0.3305975575598652,0.3305975575598652,-0.3305975575598652,0.6694024424401348,-0.3305975575598652,-1.0,0.3305975575598652,0.0,0.10929474506454838,0.2213028124953168,0.3305975575598652,-0.10929474506454838,-0.2213028124953168,-0.3305975575598652
1.9000000000000001,-0.700862940435717,-0.2996352853596469,-0.0004982257953638491,0.29913705956428305,0.29913705956428305,0.700862940435717,0.29913705956428305,-1.0,-0.29913705956428305,0.29913705956428305,-0.29913705956428305,0.700862940435717,-0.29913705956428305,-1.0,0.29913705956428305,0.0,0.08948298040476542,0.20965407915951761,0.29913705956428305,-0.08948298040476542,-0.20965407915951761,-0.29913705956428305
2.0,-0.729329499512064,-0.2711207582338231,-0.0004502577458871393,0.27067050048793595,0.27067050048793595,0.729329499512064,0.27067050048793595,-1.0,-0.27067050048793595,0.27067050048793595,-0.27067050048793595,0.729329499512064,-0.27067050048793595,-1.0,0.27067050048793595,0.0,0.07326251983438974,0.19740798065354623,0.27067050048793595,-0.07326251983438974,-0.19740798065354623,-0.27067050048793595
2.1,-0.7550870920824817,-0.2453199244249733,-0.00040701650745500473,0.2449129079175183,0.2449129079175183,0.7550870920824817,0.2449129079175183,-1.0,-0.2449129079175183,0.2449129079175183,-0.2449129079175183,0.7550870920824817,-0.2449129079175183,-1.0,0.2449129079175183,0.0,0.0599823324646148,0.1849305754529035,0.2449129079175183,-0.0599823324646148,-0.1849305754529035,-0.2449129079175183
2.2,-0.7783934843970588,-0.22197438964742133,-0.00036787404448013206,0.2216065156029412,0.2216065156029412,0.7783934843970588,0.2216065156029412,-1.0,-0.2216065156029412,0.2216065156029412,-0.2216065156029412,0.7783934843970588,-0.2216065156029412,-1.0,0.2216065156029412,0.0,0.04910944775767662,0.17249706784526458,0.2216065156029412,-0.04910944775767662,-0.17249706784526458,-0.2216065156029412
2.3000000000000003,-0.799481970011966,-0.20085082734655213,-0.0003327973585180999,0.20051802998803403,0.20051802998803403,0.799481970011966,0.20051802998803403,-1.0,-0.20051802998803403,0.20051802998803403,-0.20051802998803403,0.799481970011966,-0.20051802998803403,-1.0,0.20051802998803403,0.0,0.04020748035028211,0.1603105496377519,0.20051802998803403,-0.04020748035028211,-0.1603105496377519,-0.20051802998803403
2.4000000000000004,-0.8185636498663693,-0.1817375426566925,-0.00030119252306182176,0.18143635013363069,0.18143635013363069,0.8185636498663693,0.18143635013363069,-1.0,-0.18143635013363069,0.18143635013363069,-0.18143635013363069,0.8185636498663693,-0.18143635013363069,-1.0,0.18143635013363069,0.0,0.03291914914981343,0.14851720098381727,0.18143635013363069,-0.03291914914981343,-0.14851720098381727,-0.18143635013363069
2.5,-0.8358294785433046,-0.1644430522866136,-0.00027253082991807176,0.16417052145669542,0.16417052145669542,0.8358294785433046,0.16417052145669542,-1.0,-0.16417052145669542,0.16417052145669542,-0.16417052145669542,0.8358294785433046,-0.16417052145669542,-1.0,0.16417052145669542,0.0,0.02695196011536329,0.13721856134133212,0.16417052145669542,-0.02695196011536329,-0.13721856134133212,-0.16417052145669542
2.6,-0.8514522603236918,-0.14879432565963047,-0.0002465859833222783,0.1485477396763082,0.1485477396763082,0.8514522603236918,0.1485477396763082,-1.0,-0.1485477396763082,0.1485477396763082,-0.1485477396763082,0.8514522603236918,-0.1485477396763082,-1.0,0.1485477396763082,0.0,0.022066430962940226,0.12648130871336796,0.1485477396763082,-0.022066430962940226,-0.12648130871336796,-0.1485477396763082
2.7,-0.8655883436752307,-0.13463473938887915,-0.00022308306410989687,0.13441165632476926,0.13441165632476926,0.8655883436752307,0.13441165632476926,-1.0,-0.13441165632476926,0.13441165632476926,-0.13441165632476926,0.8655883436752307,-0.13441165632476926,-1.0,0.13441165632476926,0.0,0.018066493355967883,0.11634516296880137,0.13441165632476926,-0.018066493355967883,-0.11634516296880137,-0.13441165632476926
2.8000000000000003,-0.8783792082014676,-0.12182262546480604,-0.00020183366627368748,0.12162079179853236,0.12162079179853236,0.8783792082014676,0.12162079179853236,-1.0,-0.12162079179853236,0.12162079179853236,-0.12162079179853236,0.8783792082014676,-0.12162079179853236,-1.0,0.12162079179853236,0.0,0.014791616997701956,0.1068291748008304,0.12162079179853236,-0.014791616997701956,-0.1068291748008304,-0.12162079179853236
2.9000000000000004,-0.8899528687681919,-0.11022972614198423,-0.00018259491017613705,0.11004713123180809,0.11004713123180809,0.8899528687681919,0.11004713123180809,-1.0,-0.11004713123180809,0.11004713123180809,-0.11004713123180809,0.8899528687681919,-0.11004713123180809,-1.0,0.11004713123180809,0.0,0.012110371092350792,0.0979367601394573,0.11004713123180809,-0.012110371092350792,-0.0979367601394573,-0.11004713123180809
3.0,-0.9004251534298645,-0.09974006079402464,-0.0001652142238892651,0.09957484657013549,0.09957484657013549,0.9004251534298645,0.09957484657013549,-1.0,-0.09957484657013549,0.09957484657013549,-0.09957484657013549,0.9004251534298645,-0.09957484657013549,-1.0,0.09957484657013549,0.0,0.009915150069466023,0.08965969650066946,0.09957484657013549,-0.009915150069466023,-0.08965969650066946,-0.09957484657013549
3.1,-0.9099008809269966,-0.09024864530743493,-0.00014952623443154067,0.09009911907300339,0.09009911907300339,0.9099008809269966,0.09009911907300339,-1.0,-0.09009911907300339,0.09009911907300339,-0.09009911907300339,0.9099008809269966,-0.09009911907300339,-1.0,0.09009911907300339,0.0,0.008117851257731243,0.08198126781527214,0.09009911907300339,-0.008117851257731243,-0.08198126781527214,-0.09009911907300339
3.2,-0.9184748824913515,-0.08166042735881529,-0.00013530985016663166,0.08152511750864855,0.08152511750864855,0.9184748824913515,0.08152511750864855,-1.0,-0.08152511750864855,0.08152511750864855,-0.08152511750864855,0.9184748824913515,-0.08152511750864855,-1.0,0.08152511750864855,0.0,0.006646344784798954,0.07487877272384959,0.08152511750864855,-0.006646344784798954,-0.07487877272384959,-0.08152511750864855
3.3000000000000003,-0.9262329663987596,-0.07388946848217248,-0.00012243488093210964,0.07376703360124037,0.07376703360124037,0.9262329663987596,0.07376703360124037,-1.0,-0.07376703360124037,0.07376703360124037,-0.07376703360124037,0.9262329663987596,-0.07376703360124037,-1.0,0.07376703360124037,0.0,0.005441575246326527,0.06832545835491384,0.07376703360124037,-0.005441575246326527,-0.06832545835491384,-0.07376703360124037
3.4000000000000004,-0.933252776187786,-0.06685800520426355,-0.00011078139204956372,0.06674722381221398,0.06674722381221398,0.933252776187786,0.06674722381221398,-1.0,-0.06674722381221398,0.06674722381221398,-0.06674722381221398,0.933252776187786,-0.06674722381221398,-1.0,0.06674722381221398,0.0,0.004455191886637786,0.0622920319255762,0.06674722381221398,-0.004455191886637786,-0.0622920319255762,-0.06674722381221398
3.5,-0.9396045674396125,-0.06049567036033743,-0.00010023779994994264,0.060395432560387485,0.060395432560387485,0.9396045674396125,0.060395432560387485,-1.0,-0.060395432560387485,0.060395432560387485,-0.060395432560387485,0.9396045674396125,-0.060395432560387485,-1.0,0.060395432560387485,0.0,0.0036476082741563128,0.05674782428623117,0.060395432560387485,-0.0036476082741563128,-0.05674782428623117,-0.060395432560387485
3.6,-0.9453519102598533,-0.054738772925576384,-9.068318542970744e-05,0.05464808974014668,0.05464808974014668,0.9453519102598533,0.05464808974014668,-1.0,-0.05464808974014668,0.05464808974014668,-0.05464808974014668,0.9453519102598533,-0.05464808974014668,-1.0,0.05464808974014668,0.0,0.0029864137122471244,0.051661676027899554,0.05464808974014668,-0.0029864137122471244,-0.051661676027899554,-0.05464808974014668
3.7,-0.9505523220247278,-0.04952972236414599,-8.204438887382537e-05,0.049447677975272164,0.049447677975272164,0.9505523220247278,0.049447677975272164,-1.0,-0.049447677975272164,0.049447677975272164,-0.049447677975272164,0.9505523220247278,-0.049447677975272164,-1.0,0.049447677975272164,0.0,0.002445072857146216,0.04700260511812595,0.049447677975272164,-0.002445072857146216,-0.04700260511812595,-0.049447677975272164
3.8000000000000003,-0.9552578547326827,-0.04481639514282154,-7.424987550419537e-05,0.044742145267317346,0.044742145267317346,0.9552578547326827,0.044742145267317346,-1.0,-0.044742145267317346,0.044742145267317346,-0.044742145267317346,0.9552578547326827,-0.044742145267317346,-1.0,0.044742145267317346,0.0,0.002001859563121728,0.04274028570419562,0.044742145267317346,-0.002001859563121728,-0.04274028570419562,-0.044742145267317346
3.9000000000000004,-0.9595156010532921,-0.040551589349517414,-6.719040280955824e-05,0.040484398946707856,0.040484398946707856,0.9595156010532921,0.040484398946707856,-1.0,-0.040484398946707856,0.040484398946707856,-0.040484398946707856,0.9595156010532921,-0.040484398946707856,-1.0,0.040484398946707856,0.0,0.0016389865580762,0.03884541238863166,0.040484398946707856,-0.0016389865580762,-0.03884541238863166,-0.040484398946707856
4.0,-0.9633681726025862,-0.036692626218716384,-6.079882130261005e-05,0.036631827397413774,0.036631827397413774,0.9633681726025862,0.036631827397413774,-1.0,-0.036631827397413774,0.036631827397413774,-0.036631827397413774,0.9633681726025862,-0.036631827397413774,-1.0,0.036631827397413774,0.0,0.0013418907784739143,0.03528993661893986,0.036631827397413774,-0.0013418907784739143,-0.03528993661893986,-0.036631827397413774
4.1000000000000005,-0.9668541262970355,-0.033200887357923925,-5.5013654959523706e-05,0.03314587370296451,0.03314587370296451,0.9668541262970355,0.03314587370296451,-1.0,-0.03314587370296451,0.03314587370296451,-0.03314587370296451,0.9668541262970355,-0.03314587370296451,-1.0,0.03314587370296451,0.0,0.0010986489435328745,0.032047224759431635,0.03314587370296451,-0.0010986489435328745,-0.032047224759431635,-0.03314587370296451
4.2,-0.9700083500741712,-0.03004142818638389,-4.9778260555077836e-05,0.02999164992582881,0.02999164992582881,0.9700083500741712,0.02999164992582881,-1.0,-0.02999164992582881,0.02999164992582881,-0.02999164992582881,0.9700083500741712,-0.02999164992582881,-1.0,0.02999164992582881,0.0,0.0008994990652734674,0.029092150860555343,0.02999164992582881,-0.0008994990652734674,-0.029092150860555343,-0.02999164992582881
4.3,-0.9728624119343123,-0.027182621231832904,-4.5033166145236336e-05,0.027137588065687668,0.027137588065687668,0.9728624119343123,0.027137588065687668,-1.0,-0.027137588065687668,0.027137588065687668,-0.027137588065687668,0.9728624119343123,-0.027137588065687668,-1.0,0.027137588065687668,0.0,0.0007364486860229537,0.026401139379664713,0.027137588065687668,-0.0007364486860229537,-0.026401139379664713,-0.027137588065687668
4.4,-0.9754448743205377,-0.024595867861208376,-4.074218174610067e-05,0.024555125679462275,0.024555125679462275,0.9754448743205377,0.024555125679462275,-1.0,-0.024555125679462275,0.024555125679462275,-0.024555125679462275,0.9754448743205377,-0.024555125679462275,-1.0,0.024555125679462275,0.0,0.0006029541971341876,0.02395217148232809,0.024555125679462275,-0.0006029541971341876,-0.02395217148232809,-0.024555125679462275
4.5,-0.977781585506554,-0.022255285233442557,-3.687073999669721e-05,0.02221841449344597,0.02221841449344597,0.977781585506554,0.02221841449344597,-1.0,-0.02221841449344597,0.02221841449344597,-0.02221841449344597,0.977781585506554,-0.02221841449344597,-1.0,0.02221841449344597,0.0,0.00049365794260257,0.0217247565508434,0.02221841449344597,-0.00049365794260257,-0.0217247565508434,-0.02221841449344597
4.6000000000000005,-0.9798959313672261,-0.020137434140912625,-3.336550813859418e-05,0.02010406863277392,0.02010406863277392,0.9798959313672261,0.02010406863277392,-1.0,-0.02010406863277392,0.02010406863277392,-0.02010406863277392,0.9798959313672261,-0.02010406863277392,-1.0,0.02010406863277392,0.0,0.0004041735755912842,0.019699895057182636,0.02010406863277392,-0.0004041735755912842,-0.019699895057182636,-0.02010406863277392
4.7,-0.9818090723347365,-0.018221119627339633,-3.0191962076209222e-05,0.018190927665263534,0.018190927665263534,0.9818090723347365,0.018190927665263534,-1.0,-0.018190927665263534,0.018190927665263534,-0.018190927665263534,0.9818090723347365,-0.018190927665263534,-1.0,0.018190927665263534,0.0,0.0003309098493228502,0.017860017815940685,0.018190927665263534,-0.0003309098493228502,-0.017860017815940685,-0.018190927665263534
4.800000000000001,-0.9835401552926941,-0.016487164041394387,-2.7319334088504732e-05,0.016459844707305882,0.016459844707305882,0.9835401552926941,0.016459844707305882,-1.0,-0.016459844707305882,0.016459844707305882,-0.016459844707305882,0.9835401552926941,-0.016459844707305882,-1.0,0.016459844707305882,0.0,0.00027092648778862546,0.016188918219517255,0.016459844707305882,-0.00027092648778862546,-0.016188918219517255,-0.016459844707305882
4.9,-0.9851065051430152,-0.014918214326838708,-2.4719469853939913e-05,0.014893494856984768,0.014893494856984768,0.9851065051430152,0.014893494856984768,-1.0,-0.014893494856984768,0.014893494856984768,-0.014893494856984768,0.9851065051430152,-0.014893494856984768,-1.0,0.014893494856984768,0.0,0.00022181618905503173,0.014671678667929736,0.014893494856984768,-0.00022181618905503173,-0.014671678667929736,-0.014893494856984768
5.0,-0.9865237981580618,-0.014172930150465663,-0.0006967283085275167,0.013476201841938207,0.013476201841938207,0.9865237981580618,0.013476201841938207,-1.0,-0.013476201841938207,0.013476201841938207,-0.013476201841938207,0.9865237981580618,-0.013476201841938207,-1.0,0.013476201841938207,0.0,0.0001816080160846587,0.013294593825853547,0.013476201841938207,-0.0001816080160846587,-0.013294593825853547,-0.013476201841938207
